faixa,pixels,percentual
baixo,196428,50.76564038549509
moderado,64118,16.570913160227533
alto,0,0.0
crítico,126385,32.66344645427738
