variavel,importancia
brightness,0.20945869169559192
nbr,0.1371048205565176
ndvi,0.1058643622733309
nir,0.10493954357713957
red,0.10259640704727992
green,0.08500740307851615
ndwi,0.07467029968648203
ndbi,0.051016216353856614
swir2,0.04675722535279647
swir1,0.04269828716953333
blue,0.03988674320895552
