ari_vs_scl,nmi_vs_scl,best_k,rf_surrogate_accuracy
0.2433679679100668,0.3597201295442269,6,0.9902
